x,uncertainty in x,Intensity
-0.002498,2.00000000000027E-06,0.623748351123012
-0.002475,1.25628140703639E-07,0.515260746694476
-0.002447,2.74874371859312E-06,0.367834835108301
-0.002422,2.62311557788948E-06,0.293222588187571
-0.002401,1.50251256281382E-06,0.203827271188842
-0.002378,3.62814070351729E-06,0.119136443033047
-0.002349,2.46231155779167E-07,0.0475534260496206
-0.002325,8.79396984924171E-07,0.0166134607227503
-0.002296,2.99497487437185E-06,0.00574566122568846
-0.002276,2.13065326633158E-06,0.0376347038385748
-0.002245,3.74371859296471E-06,0.107619933361523
-0.002223,6.18090452261105E-07,0.164948026382289
-0.002197,1.4924623115576E-06,0.260939926237514
-0.002175,1.63316582914557E-06,0.404911676604188
-0.002151,2.75879396984934E-06,0.586229884658455
-0.002124,8.84422110552716E-07,0.652071814667954
-0.002098,1.00502512562217E-08,0.776111701748743
-0.002077,4.13567839195952E-06,0.802637096661556
-0.002047,7.38693467336633E-07,0.844607121743264
-0.002025,2.38693467336654E-06,0.832045336930133
-0.001996,1.48743718592992E-06,0.792303707477872
-0.00197,2.36180904522642E-06,0.71185399220651
-0.001952,4.76381909547728E-06,0.620373696921486
-0.001924,1.88944723618074E-06,0.512765972257218
-0.001898,1.01507537688425E-06,0.402845438257536
-0.001877,5.14070351758798E-06,0.242055317086561
-0.001853,6.26633165829154E-06,0.139505166402857
-0.001826,4.39195979899491E-06,0.0615718069444333
-0.001794,2.48241206030151E-06,0.0120851977955069
-0.001767,4.35678391959814E-06,0.0251737339983423
-0.001748,1.76884422110543E-06,0.0210301192209493
-0.001722,8.94472361808937E-07,0.123173346547281
-0.001696,2.01005025126603E-08,0.22022307862344
-0.001669,1.85427135678397E-06,0.298521523724725
-0.001644,1.72864321608033E-06,0.467402288815182
-0.001614,6.60301507537692E-06,0.573877679291245
-0.001594,1.47738693467348E-06,0.716330037306194
-0.001573,2.64824120603004E-06,0.835350155286531
-0.001539,6.22613065326644E-06,0.890448420229634
-0.001523,2.8994974874371E-06,0.913995930460409
-0.001497,2.02512562814082E-06,0.894632375499733
-0.001468,1.84924623115586E-06,0.815862601439787
-0.001444,7.23618090452301E-07,0.730643615067118
-0.001419,5.97989949748879E-07,0.616445638034234
-0.001394,4.7236180904524E-07,0.470476484911722
-0.001373,3.65326633165828E-06,0.355503530638797
-0.001347,2.77889447236179E-06,0.245449679676044
-0.001323,3.90452261306534E-06,0.105944782189328
-0.001292,1.96984924623117E-06,0.0423860414083614
-0.001271,2.15577889447235E-06,0.0138562223491582
-0.001248,4.28140703517582E-06,0.0221856491063348
-0.001217,1.59296482412068E-06,0.0618707436071025
-0.001194,5.32663316582787E-07,0.173622853197209
-0.001172,3.65829145728639E-06,0.234695914059816
-0.001142,1.21608040200998E-06,0.445740692229739
-0.001117,1.09045226130656E-06,0.58854751055146
-0.001092,9.64824120602923E-07,0.68080188019331
-0.001069,1.16080402010055E-06,0.765395227145691
-0.001044,1.28643216080397E-06,0.943975525870502
-0.001019,1.41206030150739E-06,0.947863173042673
-0.000992,4.62311557789018E-07,0.962734966807915
-0.000966,1.33668341708551E-06,0.917777695267669
-0.000938,4.21105527638195E-06,0.828023406652774
-0.000919,1.91457286432162E-06,0.685344231924649
-0.000894,2.04020100502515E-06,0.545620106322302
-0.000867,1.65829145728634E-07,0.491051717939686
-0.000839,2.7085427135678E-06,0.260406421217875
-0.000818,1.41708542713572E-06,0.151288999870405
-0.000789,2.45728643216085E-06,0.0526760421683176
-0.000768,1.66834170854267E-06,0
-0.000743,1.7939698492462E-06,0.00464931113484759
-0.000712,4.0804020100503E-06,0.0555347632207954
-0.000689,1.95477386934673E-06,0.128678717783846
-0.000664,1.8291457286432E-06,0.239477352673805
-0.000641,2.96482412060275E-07,0.453085473415291
-0.000617,1.42211055276383E-06,0.562274590932521
-0.000588,2.45226130653274E-06,0.734836536748228
-0.000562,3.32663316582912E-06,0.863540444070556
-0.000545,4.79899497487439E-06,0.916431559172984
-0.000518,2.92462311557787E-06,0.985774945983111
-0.000491,1.05025125628146E-06,0.993934916657739
-0.000461,3.82412060301508E-06,0.936043772348143
-0.000439,6.98492462311584E-07,0.898702611284167
-0.000411,3.57286432160802E-06,0.761143992627905
-0.000391,1.55276381909547E-06,0.577458332887371
-0.000363,1.32160804020102E-06,0.42414982231014
-0.000341,1.80402010050248E-06,0.258322228850925
-0.000319,4.92964824120603E-06,0.15764161629263
-0.000288,9.44723618090425E-07,0.0421861327945604
-0.000264,1.80904522613075E-07,0.0287422921418219
-0.000241,2.30653266331657E-06,0.0142802680770185
-0.000215,1.43216080402008E-06,0.0762893287136455
-0.00019,1.55778894472364E-06,0.112644132665473
-0.000162,1.31658291457285E-06,0.271132309216292
-0.000141,2.80904522613067E-06,0.453608509327683
-0.000112,1.06532663316583E-06,0.53723698963579
-0.000089,1.06030150753768E-06,0.732907644927675
-0.000063,1.859296482412E-07,0.833750558568566
-0.00004,2.31155778894472E-06,0.974699319851701
-0.000015,2.43718592964824E-06,0.99202975875944
0.000011,1.56281407035176E-06,1.03317393512322
0.000035,2.68844221105528E-06,0.934435029274071
0.000061,1.8140703517588E-06,0.84808798062492
0.000086,1.93969849246231E-06,0.695150580086268
0.000109,4.06532663316582E-06,0.558596028181616
0.000134,4.19095477386934E-06,0.412416367258507
0.000155,8.31658291457286E-06,0.299640588088632
0.00019,1.55778894472364E-06,0.161239760439321
0.000211,2.56783919597991E-06,0.0495452644209452
0.000239,3.06532663316579E-07,0.00532748519442046
0.000263,8.19095477386949E-07,0.0214180602426942
0.000291,2.05527638190959E-06,0.0497677710846186
0.000315,9.29648241206039E-07,0.168060242512321
0.000343,3.80402010050247E-06,0.32401501961936
0.000365,6.78391959798978E-07,0.432448057965475
0.000391,1.55276381909547E-06,0.599532495349865
0.000414,5.72864321608053E-07,0.748534808394941
0.000437,2.69849246231158E-06,0.831224376918912
0.000461,3.82412060301508E-06,0.950162871530834
0.000487,2.94974874371853E-06,0.997441706756631
0.000519,3.92462311557789E-06,0.990958576959746
0.000537,3.20100502512559E-06,0.908802200868049
0.000567,1.67336683417089E-06,0.804158996269344
0.000591,5.47738693467336E-07,0.672316863255681
0.000617,1.42211055276383E-06,0.544369963568737
0.00064,7.0351758793964E-07,0.412974324531372
0.000665,8.29145728643171E-07,0.308888054847909
0.000693,2.04522613065326E-06,0.138826013061429
0.000715,1.08040201005023E-06,0.0427783412605302
0.000742,7.93969849246286E-07,0.0283660589116928
0.00077,3.66834170854261E-06,0.0026666621744213
0.000793,1.54271356783914E-06,0.0900962190258315
0.000815,1.58291457286435E-06,0.137135367696919
0.000841,7.0854271356786E-07,0.305508080568255
0.00087,3.1658291457286E-06,0.450717316047468
0.000887,4.95979899497491E-06,0.529311578070655
0.000918,9.14572864321598E-07,0.771945942273258
0.000946,3.78894472361803E-06,0.814001008406486
0.000967,3.36683417085488E-07,0.923131154308051
0.000993,5.37688442210898E-07,0.959634334271049
0.00102,2.41206030150752E-06,0.937633213702092
0.001048,5.28643216080407E-06,0.906799430865307
0.00107,2.16080402010046E-06,0.804924356280675
0.001092,9.64824120602923E-07,0.654148554866872
0.001118,9.04522613064292E-08,0.521951906597488
0.001142,1.21608040200998E-06,0.399829596035788
0.001168,3.41708542713707E-07,0.28409022498437
0.001187,6.46733668341727E-06,0.145815266244525
0.001216,2.5929648241206E-06,0.0582881901357823
0.001245,1.28140703517586E-06,0.0339886853827855
0.00127,1.15577889447244E-06,0.0145484202465881
0.001291,2.96984924623108E-06,0.0473366670663878
0.00132,9.04522613065376E-07,0.0694371261118326
0.001345,7.78894472361737E-07,0.23286025008866
0.001372,2.65326633165815E-06,0.335815302354998
0.001395,5.27638190954676E-07,0.512227244496243
0.001417,2.59798994974871E-06,0.644979165820186
0.001442,2.72361809045235E-06,0.790490776817663
0.001467,2.84924623115577E-06,0.838087438850884
0.001496,1.02512562814069E-06,0.907891524367445
0.001522,1.89949748743696E-06,0.909099205565345
0.001544,1.22613065326642E-06,0.868723103648764
0.00157,3.51758793969929E-07,0.813373891187237
0.001594,1.47738693467348E-06,0.700051202326768
0.001615,5.603015075377E-06,0.593924141463462
0.001643,2.72864321608046E-06,0.482712988245578
0.00167,8.54271356783834E-07,0.332600223466815
0.001697,1.02010050251258E-06,0.215964411849722
0.001719,2.10552763819103E-06,0.105837106163766
0.001743,3.23115577889458E-06,0.050443615197688
0.001769,2.35678391959809E-06,0.0207609537587988
0.001798,1.51758793969837E-06,0.00833626087318062
0.001822,3.91959798995032E-07,0.0510362326828606
0.001847,2.66331658291393E-07,0.173596849881274
0.001874,2.14070351758802E-06,0.23530486405622
0.001899,2.01507537688438E-06,0.394153317273559
0.001921,1.11055276381922E-06,0.471775135091775
0.001943,4.23618090452261E-06,0.669074466108077
0.001969,3.36180904522655E-06,0.733619513008037
0.002,2.51256281407018E-06,0.773359581622929
0.002024,1.38693467336684E-06,0.84203624585333
0.002044,3.73869346733703E-06,0.848638899128774
0.002072,8.64321608040272E-07,0.830077266326534
0.002098,1.00502512562217E-08,0.711633497938421
0.002123,1.15577889447417E-07,0.657202601084145
0.002148,2.41206030150622E-07,0.548117657515173
0.002171,2.36683417085409E-06,0.419536618647538
0.002201,2.50753768844206E-06,0.329603910056749
0.002222,1.61809045226124E-06,0.187444395106723
0.002246,2.74371859296458E-06,0.115642798769507
0.002269,4.86934673366805E-06,0.0476677562746217
0.002296,2.99497487437185E-06,0.0125522340619682
0.002331,6.87939698492453E-06,0.0113005532059795
0.002348,1.2462311557793E-06,0.0390751004913254
0.002378,3.62814070351729E-06,0.121040553639178
0.002398,1.49748743718614E-06,0.229484205286295
0.002427,2.37688442211031E-06,0.286936737523171
0.002448,1.74874371859299E-06,0.376727305833759
0.002473,1.87437185929663E-06,0.48387589686434
0.002501,1.00000000000013E-06,0.59824591877589
